date,Province_State,stabbr,dashboard_available,doses_alloc_total,doses_alloc_moderna,doses_alloc_pfizer,doses_alloc_unknown,doses_shipped_total,doses_shipped_moderna,doses_shipped_pfizer,doses_shipped_unknown,doses_admin_total,doses_admin_moderna,doses_admin_pfizer,doses_admin_unknown,people_total,people_total_2nd_dose
12/14/20,Alabama,AL,No,40950,,40950,,,,,,,,,,,
12/18/20,Alabama,AL,No,,,,,,,,,5181,,5181,,5181,
12/27/20,Alabama,AL,No,,,,,,,,,,,,,,
12/28/20,Alabama,AL,Yes,128175,,,,,,,,20354,2206,18148,,20354,
12/14/20,Alaska,AK,No,61900,26800,35100,,,,,,,,,,,
12/18/20,Alaska,AK,Yes,,,,,,,,,4270,,4270,,4270,
12/20/20,Alaska,AK,Yes,,,,,,,,,5674,,5674,,5674,
12/21/20,Alaska,AK,Yes,,,,,,,,,7118,,7118,,7118,
12/22/20,Alaska,AK,Yes,,,,,,,,,8918,52,8866,,8918,
12/23/20,Alaska,AK,Yes,,,,,,,,,11002,232,10770,,11002,
12/24/20,Alaska,AK,Yes,,,,,,,,,,,,,,
12/25/20,Alaska,AK,Yes,,,,,,,,,11845,560,11285,,11845,
12/26/20,Alaska,AK,Yes,,,,,,,,,,,,,,
12/27/20,Alaska,AK,Yes,61900,26800,35100,,39725,13400,26325,,12202,573,11629,,12202,
12/28/20,Alaska,AK,Yes,61900,26800,35100,,,,,,,,,,,
12/29/20,Alaska,AK,Yes,61900,26800,35100,,42600,15300,27300,,11127,562,10565,,11127,
12/30/20,Alaska,AK,Yes,61900,26800,35100,,42600,15300,27300,,13772,,,,13772,
12/11/20,American Samoa,AS,No,29000,25100,3900,,,,,,,,,,,
12/14/20,Arizona,AZ,No,383750,171200,212550,,,,,,,,,,,
12/15/20,Arkansas,AR,No,25000,,25000,,,,,,,,,,,
12/18/20,Arkansas,AR,No,,,,,,,,,4000,,4000,,4000,
12/14/20,California,CA,No,327000,,,327000,,,,,,,,,,
12/11/20,Colorado,CO,No,142400,95600,46800,,,,,,,,,,,
12/17/20,Colorado,CO,Yes,,,,,,,,,12123,,12123,,12123,
12/19/20,Colorado,CO,Yes,,,,,,,,,22539,,22539,,22539,
12/20/20,Colorado,CO,Yes,,,,,,,,,33934,,,33934,33934,
12/21/20,Colorado,CO,Yes,,,,,,,,,38666,,,38666,38666,
12/22/20,Colorado,CO,Yes,,,,,,,,,43749,,,43749,43749,
12/23/20,Colorado,CO,Yes,,,,,,,,,55778,,,55778,55778,
12/24/20,Colorado,CO,Yes,,,,,,,,,63170,,,63170,63170,
12/25/20,Colorado,CO,Yes,,,,,,,,,63233,,,63233,63233,
12/26/20,Colorado,CO,Yes,,,,,,,,,65282,,,65282,65282,
12/27/20,Colorado,CO,Yes,,,,,,,,,,,,,,
12/28/20,Colorado,CO,Yes,,,,,,,,,73867,,,73867,73867,
12/29/20,Colorado,CO,Yes,,,,,,,,,82342,,,82342,82342,
12/30/20,Colorado,CO,Yes,,,,,,,,,94297,,,94297,94297,
12/31/20,Colorado,CO,Yes,,,,,,,,,104086,,,104086,104086,
01/01/21,Colorado,CO,Yes,,,,,,,,,105842,,,105842,105842,
01/02/21,Colorado,CO,Yes,,,,,,,,,111679,,,111679,111679,
12/13/20,Connecticut,CT,No,31200,,31200,,,,,,,,,,,
12/17/20,Connecticut,CT,No,,,,,,,,,1982,,1982,,1982,
12/18/20,Connecticut,CT,No,,,,,,,,,,,,,,
12/19/20,Connecticut,CT,No,,,,,,,,,,,,,,
12/20/20,Connecticut,CT,No,,,,,,,,,,,,,,
12/21/20,Connecticut,CT,No,,,,,31200,,31200,,7761,,7761,,7761,
12/22/20,Connecticut,CT,No,,,,,,,,,,,,,,
12/23/20,Connecticut,CT,No,,,,,,,,,,,,,,
12/24/20,Connecticut,CT,No,,,,,,,,,,,,,,
12/25/20,Connecticut,CT,No,,,,,,,,,,,,,,
12/26/20,Connecticut,CT,No,,,,,,,,,,,,,,
12/27/20,Connecticut,CT,No,,,,,,,,,,,,,,
12/28/20,Connecticut,CT,No,,,,,,,,,36276,,,36276,36276,
12/29/20,Connecticut,CT,No,,,,,,,,,,,,,,
12/30/20,Connecticut,CT,No,,,,,,,,,54727,,,54727,54727,
12/15/20,Delaware,DE,No,56275,,,,975,,,,92,,92,,92,
12/16/20,Delaware,DE,No,,,,,8775,,,,105,,105,,105,
12/17/20,Delaware,DE,No,,,,,8775,,,,455,,455,,455,
12/18/20,Delaware,DE,No,,,,,12125,,,,1980,,1980,,1980,
12/19/20,Delaware,DE,No,,,,,12125,,,,3072,,,3072,3072,
12/20/20,Delaware,DE,No,,,,,12125,,,,3090,,,3090,3090,
12/21/20,Delaware,DE,No,,,,,12125,,,,4404,,,4404,4404,
12/22/20,Delaware,DE,No,,,,,14500,,,,5202,,,5202,5202,
12/23/20,Delaware,DE,No,,,,,28400,,,,6991,,,6991,6991,
12/24/20,Delaware,DE,No,,,,,28400,,,,7420,,,7420,7420,
12/25/20,Delaware,DE,No,,,,,28400,,,,7420,,,7420,7420,
12/26/20,Delaware,DE,No,,,,,28400,,,,7852,,,7852,7852,
12/27/20,Delaware,DE,No,,,,,28400,,,,7858,,,7858,7858,
12/28/20,Delaware,DE,No,,,,,28400,,,,8834,,,8834,8834,
12/29/20,Delaware,DE,No,,,,,34200,,,,10343,,,10343,10343,
12/30/20,Delaware,DE,Yes,,,,,42975,22500,20475,,11960,,,11960,11960,
12/31/20,Delaware,DE,Yes,,,,,42975,22500,20475,,13691,,,13691,13691,
01/01/21,Delaware,DE,Yes,,,,,42975,22500,20475,,13701,,,13701,13701,
01/02/21,Delaware,DE,Yes,,,,,44925,22500,22425,,14113,,,14113,14113,
12/11/20,District of Columbia,DC,No,6825,,6825,,,,,,,,,,,
12/10/20,Florida,FL,No,179400,,179400,,,,,,,,,,,
12/14/20,Florida,FL,Yes,,,,,,,,,28,,28,,28,
12/15/20,Florida,FL,Yes,,,,,,,,,2632,,2632,,2632,
12/16/20,Florida,FL,Yes,546400,367000,,,,,,,13091,,13091,,13091,
12/17/20,Florida,FL,Yes,,,,,,,,,26339,,26339,,26339,
12/18/20,Florida,FL,Yes,,,,,,,,,41164,,41164,,41164,
12/19/20,Florida,FL,Yes,,,,,,,,,45607,,45607,,45607,
12/20/20,Florida,FL,Yes,,,,,,,,,48388,,,48388,48388,
12/21/20,Florida,FL,Yes,,,,,,,,,62921,,,62921,62921,
12/22/20,Florida,FL,Yes,,,,,,,,,81039,,,81039,81039,
12/23/20,Florida,FL,Yes,,,,,,,,,105430,,,105430,105430,
12/24/20,Florida,FL,Yes,,,,,,,,,115676,,,115676,115676,
12/25/20,Florida,FL,Yes,,,,,,,,,116015,,,116015,116015,
12/26/20,Florida,FL,Yes,,,,,,,,,128920,,,128920,128920,
12/27/20,Florida,FL,Yes,,,,,,,,,132635,,,132635,132635,
12/28/20,Florida,FL,Yes,,,,,,,,,156803,,,156803,156803,
12/29/20,Florida,FL,Yes,,,,,,,,,187896,,,187896,187896,
12/30/20,Florida,FL,Yes,,,,,,,,,230777,,,230777,230777,
12/31/20,Florida,FL,Yes,,,,,,,,,249669,,,249669,249669,
01/01/21,Florida,FL,Yes,,,,,,,,,250595,,,250595,250595,
01/02/21,Florida,FL,Yes,,,,,,,,,255808,,,255808,255808,
12/14/20,Georgia,GA,No,,,,,5850,,5850,,,,,,,
12/20/20,Georgia,GA,Yes,125450,,125450,,74100,,74100,,1258,,1258,,1258,
12/21/20,Georgia,GA,Yes,299775,174000,125775,,156775,31000,125775,,17870,,,17870,17870,
12/22/20,Georgia,GA,Yes,299775,174000,125775,,284275,158500,125775,,26010,,,26010,26010,
12/23/20,Georgia,GA,Yes,,,,,,,,,,,,,,
12/24/20,Georgia,GA,Yes,,,,,,,,,,,,,,
12/25/20,Georgia,GA,Yes,,,,,,,,,,,,,,
12/26/20,Georgia,GA,Yes,,,,,,,,,,,,,,
12/27/20,Georgia,GA,Yes,,,,,,,,,,,,,,
12/28/20,Georgia,GA,Yes,502725,234600,268125,,372900,197400,175500,,52242,,,52242,52242,
12/29/20,Georgia,GA,Yes,502725,234600,268125,,375350,197900,177450,,61870,,,61870,61870,
12/30/20,Georgia,GA,Yes,585150,294600,290550,,376325,197900,178425,,76742,,,76742,76742,
12/15/20,Guam,GU,No,,,,,3900,,3900,,,,,,,
12/17/20,Guam,GU,No,,,,,,,,,455,,455,,455,
12/18/20,Guam,GU,No,,,,,,,,,1018,,1018,,1018,
12/19/20,Guam,GU,No,,,,,11700,,11700,,1394,,1394,,1394,
12/20/20,Guam,GU,No,,,,,,,,,,,,,,
12/21/20,Guam,GU,No,,,,,,,,,,,,,,
12/22/20,Guam,GU,No,,,,,,,,,1931,,,1931,1931,
12/23/20,Guam,GU,No,,,,,,,,,2158,,,2158,2158,
12/24/20,Guam,GU,No,,,,,,,,,2158,,,2158,2158,
12/25/20,Guam,GU,No,,,,,,,,,,,,,,
12/26/20,Guam,GU,No,,,,,,,,,,,,,,
12/27/20,Guam,GU,No,,,,,,1300,,,,,,,,
12/28/20,Guam,GU,No,,,,,,,,,,,,,,
12/29/20,Guam,GU,No,,,,,,,,,,,,,,
12/30/20,Guam,GU,No,,,,,,,,,3439,,,3439,3439,
12/31/20,Guam,GU,No,,,,,,,,,4241,,,4241,4241,
12/15/20,Hawaii,HI,No,81825,36000,45825,,,,,,,,,,,
12/16/20,Hawaii,HI,No,,,,,3900,,3900,,,,,,,
12/17/20,Hawaii,HI,No,,,,,,,,,,,,,,
12/18/20,Hawaii,HI,No,,,,,,,,,,,,,,
12/19/20,Hawaii,HI,No,,,,,,,,,,,,,,
12/20/20,Hawaii,HI,No,,,,,,,,,,,,,,
12/21/20,Hawaii,HI,No,,,,,,,,,,,,,,
12/22/20,Hawaii,HI,No,,,,,,,,,,,,,,
12/23/20,Hawaii,HI,No,,,,,,,,,,,,,,
12/24/20,Hawaii,HI,No,,,,,22600,12000,21450,,,,,,9000,
12/25/20,Hawaii,HI,No,,,,,,,,,,,,,,
12/26/20,Hawaii,HI,No,,,,,,,,,,,,,,
12/27/20,Hawaii,HI,No,,,,,,,,,,,,,,
12/28/20,Hawaii,HI,No,,,,,,,,,,,,,,
12/29/20,Hawaii,HI,No,,,,,,,,,,,,,,
12/30/20,Hawaii,HI,No,,,,,,,,,,,,,,
12/31/20,Hawaii,HI,No,,,,,,,,,25000,,,25000,25000,
12/11/20,Idaho,ID,No,89150,40400,48750,,,,,,,,,,,
12/17/20,Idaho,ID,Yes,,,,,,,,,321,,321,,321,
12/18/20,Idaho,ID,Yes,,,,,,,,,944,,944,,944,
12/19/20,Idaho,ID,Yes,,,,,,,,,2306,,2306,,2306,
12/20/20,Idaho,ID,Yes,,,,,,,,,3582,,3582,,3582,
12/21/20,Idaho,ID,Yes,,,,,,,,,4348,,,4348,4348,
12/22/20,Idaho,ID,Yes,,,,,,,,,5665,,,5665,5665,
12/23/20,Idaho,ID,Yes,,,,,,,,,6538,,,6538,6538,
12/24/20,Idaho,ID,Yes,,,,,,,,,8490,,,8490,8490,
12/25/20,Idaho,ID,Yes,,,,,,,,,,,,,,
12/26/20,Idaho,ID,Yes,,,,,,,,,9673,,,9673,9673,
12/27/20,Idaho,ID,Yes,,,,,,,,,10099,,,10099,10099,
12/28/20,Idaho,ID,Yes,,,,,,,,,10459,,,10459,10459,
12/29/20,Idaho,ID,Yes,,,,,,,,,11729,,,11729,11729,
12/30/20,Idaho,ID,Yes,,,,,,,,,13686,,,13686,13686,
12/31/20,Idaho,ID,Yes,,,,,,,,,15780,,,15780,15780,
01/01/21,Idaho,ID,Yes,,,,,,,,,,,,,,
01/02/21,Idaho,ID,Yes,,,,,,,,,18527,,,18527,18527,
01/03/21,Idaho,ID,Yes,,,,,,,,,19119,,,19119,19119,
12/14/20,Illinois,IL,No,100000,,,100000,43000,,43000,,,,,,,
12/16/20,Indiana,IN,No,,,,,,,,,,,,,,
12/28/20,Indiana,IN,No,,,,,,,,,,,,,,
12/29/20,Indiana,IN,Yes,,,,,,,,,75842,,,75842,75842,
12/11/20,Iowa,IA,No,172000,77000,95000,,,,,,,,,,,
12/14/20,Kansas,KS,No,150000,,,150000,,,,,,,,,,
12/15/20,Kansas,KS,No,,,,,24000,,24000,,,,,,,
12/21/2020,Kansas,KS,No,,,,,41629,49000,41550,,,,,,,
12/14/20,Kentucky,KY,No,147000,109000,38000,,2925,,2925,,,,,,,
12/22/20,Kentucky,KY,Yes,84275,,,,,,,,8839,,,8839,8839,
12/23/20,Kentucky,KY,Yes,87625,,,,76433,,,,11192,,,11192,11192,
12/24/20,Kentucky,KY,Yes,,,,,,,,,,,,,,
12/25/20,Kentucky,KY,Yes,,,,,,,,,,,,,,
12/26/20,Kentucky,KY,Yes,,,,,,,,,,,,,,
12/27/20,Kentucky,KY,Yes,,,,,,,,,,,,,,
12/28/20,Kentucky,KY,Yes,,,,,,,,,,,,,,
12/29/20,Kentucky,KY,Yes,,,,,107525,,,107525,28938,,,28938,28938,
12/30/20,Kentucky,KY,Yes,,,,,120900,,,120900,34376,,,34376,34376,
12/11/20,Louisiana,LA,No,186000,107000,79000,,,,,,,,,,,
12/22/20,Louisiana,LA,Yes,,,,,,,,,22108,,,22108,22108,
12/23/20,Louisiana,LA,Yes,,,,,,,,,32766,,,32766,32766,
12/24/20,Louisiana,LA,Yes,,,,,,,,,,,,,,
12/25/20,Louisiana,LA,Yes,,,,,,,,,,,,,,
12/26/20,Louisiana,LA,Yes,,,,,,,,,,,,,,
12/27/20,Louisiana,LA,Yes,,,,,,,,,,,,,,
12/28/20,Louisiana,LA,Yes,,,,,,,,,,,,,,
12/29/20,Louisiana,LA,Yes,,,,,,,,,37969,,,37969,37969,
12/30/20,Louisiana,LA,Yes,,,,,,,,,,,,,,
12/31/20,Louisiana,LA,Yes,,,,,,,,,,,,,,
01/01/21,Louisiana,LA,Yes,,,,,,,,,45289,,,45289,45289,
12/11/20,Maine,ME,No,110775,59100,51675,,,,,,,,,,,
12/18/20,Maine,ME,No,,,,,,,,,2264,,2264,,2264,
12/19/20,Maine,ME,No,,,,,,,,,,,,,,
12/20/20,Maine,ME,No,,,,,,,,,,,,,,
12/21/20,Maine,ME,No,,,,,,,,,,,,,,
12/22/20,Maine,ME,Yes,,,,,,,,,8001,,8001,,8001,
12/23/20,Maine,ME,Yes,,,,,,,,,13089,,13089,,13089,
12/24/20,Maine,ME,Yes,,,,,,,,,15701,,15701,,15701,
12/25/20,Maine,ME,Yes,,,,,,,,,16236,,16236,,16236,
12/26/20,Maine,ME,Yes,,,,,,,,,17067,,17067,,17067,
12/27/20,Maine,ME,Yes,,,,,,,,,17180,,17180,,17180,
12/28/20,Maine,ME,Yes,,,,,,,,,,,,,,
12/29/20,Maine,ME,Yes,,,,,,,,,19634,,19634,,19634,
12/30/20,Maine,ME,Yes,,,,,,,,,23527,,23527,,23527,
12/31/20,Maine,ME,Yes,,,,,,,,,27122,,27122,,27122,
01/01/21,Maine,ME,Yes,,,,,,,,,30877,,30877,,30877,
01/02/21,Maine,ME,Yes,,,,,,,,,32090,,32090,,32090,
01/03/21,Maine,ME,Yes,,,,,,,,,32995,,32995,,32995,
12/11/20,Maryland,MD,No,155000,,,155000,,,,,,,,,,
12/22/20,Maryland,MD,Yes,,,,,,,,,7537,,,7537,7537,
12/23/20,Maryland,MD,Yes,,,,,,,,,10497,,,10497,10497,
12/24/20,Maryland,MD,Yes,,,,,,,,,14103,,,14103,14103,
12/25/20,Maryland,MD,Yes,,,,,,,,,16902,,,16902,16902,
12/26/20,Maryland,MD,Yes,,,,,,,,,18789,,,18789,18789,
12/27/20,Maryland,MD,Yes,,,,,,,,,19818,,,19818,19818,
12/28/20,Maryland,MD,Yes,,,,,,,,,20812,,,20812,20812,
12/29/20,Maryland,MD,Yes,,,,,,,,,28615,,,28615,28615,
12/30/20,Maryland,MD,Yes,,,,,,,,,36669,,,36669,36669,
12/31/20,Maryland,MD,Yes,,,,,,,,,47012,,,47012,47012,
01/01/21,Maryland,MD,Yes,,,,,,,,,54060,,,54060,54060,
01/02/21,Maryland,MD,Yes,,,,,,,,,56151,,,56151,56151,
01/03/21,Maryland,MD,Yes,,,,,,,,,59769,,,59769,59769,
12/14/20,Massachusetts,MA,No,300000,120000,180000,,5850,,5850,,,,,,,
12/15/20,Massachusetts,MA,No,,,,,59475,,59475,,94,,,94,94,
12/16/20,Massachusetts,MA,No,,,,,59475,,59475,,3277,,,3277,3277,
12/17/20,Massachusetts,MA,No,,,,,59475,,59475,,9853,,,9853,9853,
12/18/20,Massachusetts,MA,No,,,,,59475,,59475,,18642,,,18642,18642,
12/19/20,Massachusetts,MA,No,,,,,59475,,59475,,22609,,,22609,22609,
12/20/20,Massachusetts,MA,No,,,,,80075,20600,59475,,24029,,,24029,28488,
12/21/20,Massachusetts,MA,No,,,,,121175,61700,59475,,30810,,,30810,37400,
12/22/20,Massachusetts,MA,Yes,,,,,146675,87200,59475,,35618,,,35618,46053,
12/23/20,Massachusetts,MA,Yes,,,,,,,,,55897,,,55897,55897,
12/24/20,Massachusetts,MA,Yes,,,,,,,,,59556,,,59556,59556,
12/25/20,Massachusetts,MA,Yes,,,,,,,,,59847,,,59847,59847,
12/26/20,Massachusetts,MA,Yes,,,,,,,,,62361,,,62361,62361,
12/27/20,Massachusetts,MA,Yes,,,,,,,,,63661,,,63661,63661,
12/28/20,Massachusetts,MA,Yes,,,,,,,,,71387,,,71387,71387,
12/29/20,Massachusetts,MA,Yes,,,,,285050,146600,138450,,78643,,,78643,78643,
12/14/20,Michigan,MI,Yes,258425,173600,84825,,4875,,4875,,10,,10,,10,
12/15/20,Michigan,MI,Yes,,,,,26325,,26325,,352,,352,,352,
12/16/20,Michigan,MI,Yes,,,,,84825,,84825,,1097,,1097,,1097,
12/17/20,Michigan,MI,Yes,,,,,84825,,84825,,2847,,2847,,2847,
12/18/20,Michigan,MI,Yes,,,,,84825,,84825,,9781,,9781,,9781,
12/19/20,Michigan,MI,Yes,,,,,84825,,84825,,12430,,12430,,12430,
12/20/20,Michigan,MI,Yes,,,,,104825,20000,84825,,13321,,13321,,13321,
12/21/20,Michigan,MI,Yes,,,,,166775,21500,145275,,26737,32,26705,,26737,
12/22/20,Michigan,MI,Yes,,,,,231075,85800,145275,,37660,194,37466,,37660,
12/23/20,Michigan,MI,Yes,,,,,231475,86200,145275,,52309,234,50901,,52309,
12/24/20,Michigan,MI,Yes,,,,,231475,86200,145275,,54040,1408,52317,,54040,
12/25/20,Michigan,MI,Yes,,,,,231475,86200,145275,,54162,1723,52439,,54162,
12/26/20,Michigan,MI,Yes,,,,,231475,86200,145275,,57227,2655,54572,,57227,
12/27/20,Michigan,MI,Yes,,,,,231475,86200,145275,,58997,3134,55863,,58997,
12/28/20,Michigan,MI,Yes,,,,,313375,86200,227175,,74140,7082,67058,,74140,
12/29/20,Michigan,MI,Yes,,,,,337875,99000,238875,,86626,10346,76280,,86626,
12/14/20,Minnesota,MN,No,183400,136600,46800,,46800,,46800,,,,,,,
12/22/20,Minnesota,MN,No,,,,,,,,,,,,,,
12/23/20,Minnesota,MN,Yes,174750,94800,79950,,174750,94800,79950,,2999,,2997,2,2999,
12/24/20,Minnesota,MN,Yes,174750,94800,79950,,174750,94800,79950,,,,,,,
12/25/20,Minnesota,MN,Yes,174750,94800,79950,,174750,94800,79950,,,,,,,
12/26/20,Minnesota,MN,Yes,174750,94800,79950,,174750,94800,79950,,,,,,,
12/27/20,Minnesota,MN,Yes,174750,94800,79950,,174750,94800,79950,,,,,,,
12/28/20,Minnesota,MN,Yes,174750,94800,79950,,174750,94800,79950,,,,,,,
12/29/20,Minnesota,MN,Yes,174750,94800,79950,,174750,94800,79950,,38014,576,37397,41,38014,
12/30/20,Minnesota,MN,Yes,297350,127700,169650,,297350,127700,169650,,38284,589,37654,41,38284,
12/30/20,Minnesota,MN,Yes,297350,127700,169650,,297350,127700,169650,,44638,1080,43516,42,44638,
12/31/20,Minnesota,MN,Yes,297350,127700,169650,,297350,127700,169650,,,,,,,
01/01/21,Minnesota,MN,Yes,297350,127700,169650,,297350,127700,169650,,,,,,,
01/02/21,Minnesota,MN,Yes,297350,127700,169650,,297350,127700,169650,,57017,3283,53691,43,57017,
01/03/21,Minnesota,MN,Yes,,,,,,,,,,,,,,
12/14/20,Mississippi,MS,No,25000,,,25000,,,,,,,,,,
12/26/20,Mississippi,MS,No,,,,,,,,,13196,,,13196,13196,
12/27/20,Mississippi,MS,No,,,,,,,,,,,,,,
12/28/20,Mississippi,MS,No,,,,,,,,,,,,,,
12/29/20,Mississippi,MS,No,,,,,,,,,,,,,,
12/30/20,Mississippi,MS,No,,,,,,,,,20033,,,20033,20033,
12/15/20,Missouri,MO,No,375000,151000,224000,,5850,,5850,,,,,,,
12/16/20,Missouri,MO,No,,,,,51675,,51675,,,,,,,
12/22/20,Missouri,MO,No,,,,,,,,,23000,,,23000,23000,
12/23/20,Missouri,MO,No,,,,,,,,,,,,,,
12/24/20,Missouri,MO,No,,,,,,,,,,,,,,
12/25/20,Missouri,MO,No,,,,,,,,,,,,,,
12/26/20,Missouri,MO,No,,,,,,,,,,,,,,
12/27/20,Missouri,MO,No,,,,,,,,,,,,,,
12/28/20,Missouri,MO,No,,,,,,,,,,,,,,
12/29/20,Missouri,MO,No,,,,,,,,,66000,,66000,,66000,
12/18/20,Montana,MT,No,,,,,,,,,3000,,3000,,3000,
12/30/20,Montana,MT,No,,,,,,,,,16900,,16900,,16900,
12/14/20,Nebraska,NE,No,15600,,15600,,4875,,4875,,,,,,,
12/16/20,Nebraska,NE,No,,,,,,,,,1746,,1746,,1746,
12/17/20,Nebraska,NE,No,,,,,,,,,,,,,,
12/18/20,Nebraska,NE,No,,,,,,,,,,,,,,
12/19/20,Nebraska,NE,No,,,,,,,,,,,,,,
12/20/20,Nebraska,NE,No,,,,,,,,,,,,,,
12/21/20,Nebraska,NE,No,,,,,,,,,8958,,8958,,8958,
12/22/20,Nebraska,NE,No,,,,,,,,,,,,,,
12/23/20,Nebraska,NE,No,,,,,,,,,,,,,,
12/24/20,Nebraska,NE,No,,,,,,,,,,,,,,
12/25/20,Nebraska,NE,No,,,,,,,,,,,,,,
12/26/20,Nebraska,NE,No,,,,,,,,,,,,,,
12/27/20,Nebraska,NE,No,,,,,,,,,,,,,,
12/28/20,Nebraska,NE,No,,,,,49390,,,,21419,,,21419,21419,
12/29/20,Nebraska,NE,No,,,,,,,,,,,,,,
12/30/20,Nebraska,NE,No,,,,,,,,,27000,,,27000,27000,
12/14/20,Nevada,NV,No,91650,,91650,,25350,,25350,,,,,,,
12/15/20,New Hampshire,NH,No,36875,24200,12675,,12675,,12675,,,,,,,
12/14/20,New Jersey,NJ,No,76050,,76050,,,,,,,,,,,
12/18/20,New Jersey,NJ,No,,,,,,,,,2149,,2149,,2149,
12/19/20,New Jersey,NJ,No,,,,,,,,,,,,,,
12/20/20,New Jersey,NJ,No,,,,,,,,,,,,,,
12/21/20,New Jersey,NJ,No,,,,,,,,,,,,,,
12/22/20,New Jersey,NJ,No,,,,,,,,,,,,,,
12/23/20,New Jersey,NJ,No,,,,,,,,,,,,,,
12/24/20,New Jersey,NJ,No,,,,,,,,,36500,,,36500,36500,
12/25/20,New Jersey,NJ,No,,,,,,,,,,,,,,
12/26/20,New Jersey,NJ,No,,,,,,,,,,,,,,
12/27/20,New Jersey,NJ,No,,,,,,,,,,,,,,
12/28/20,New Jersey,NJ,No,,,,,,,,,,,,,,
12/29/20,New Jersey,NJ,No,,,,,,,,,,,,,,
12/30/20,New Jersey,NJ,No,,,,,,,,,62901,,,62901,62901,
12/31/20,New Jersey,NJ,No,,,,,,,,,72657,,,72657,72657,
12/11/20,New Mexico,NM,No,17550,,17550,,,,,,,,,,,
12/16/20,New York,NY,No,170000,,170000,,,,,,,,,,,
12/21/20,New York,NY,No,,,,,,,,,38000,,38000,,38000,
12/22/20,New York,NY,No,,,,,,,,,50000,12000,,,50000,
12/23/20,New York,NY,No,,,,,,,,,89000,,,89000,89000,
12/24/20,New York,NY,No,,,,,,,,,,,,,,
12/25/20,New York,NY,No,,,,,,,,,,,,,,
12/26/20,New York,NY,No,,,,,,,,,,,,,,
12/27/20,New York,NY,No,,,,,,,,,,,,,,
12/28/20,New York,NY,No,429000,119600,309400,,,,,,140000,,,140000,140000,
12/29/20,New York,NY,No,,,,,,,,,,,,,,
12/30/20,New York,NY,No,,,,,,,,,200000,,,200000,200000,
12/11/20,North Carolina,NC,No,521600,350000,171600,,,,,,,,,,,
12/22/20,North Carolina,NC,Yes,,,,,,,,,24500,,,24500,24500,
12/23/20,North Carolina,NC,Yes,,,,,,,,,,,,,,
12/24/20,North Carolina,NC,Yes,,,,,,,,,,,,,,
12/25/20,North Carolina,NC,Yes,,,,,,,,,,,,,,
12/26/20,North Carolina,NC,Yes,,,,,,,,,,,,,,
12/27/20,North Carolina,NC,Yes,,,,,,,,,,,,,,
12/28/20,North Carolina,NC,Yes,,,,,,,,,63571,,,63571,63571,
12/15/20,North Dakota,ND,No,20025,13200,6825,,,,,,,,,,,
12/19/20,North Dakota,ND,Yes,24900,13200,11700,,6825,,6825,,5662,,5662,,5662,
12/21/20,North Dakota,ND,Yes,24900,13200,11700,,9025,2200,6825,,6865,40,6825,,6865,
12/22/20,North Dakota,ND,Yes,24900,13200,11700,,21000,13200,7800,,8463,892,7571,,8463,
12/23/20,North Dakota,ND,Yes,24900,13200,11700,,21000,13200,7800,,11903,3859,8044,,11903,
12/24/20,North Dakota,ND,Yes,24900,13200,11700,,21000,13200,7800,,12990,4926,8064,,12990,
12/25/20,North Dakota,ND,Yes,24900,13200,11700,,21000,13200,7800,,13017,,,13017,13017,
12/26/20,North Dakota,ND,Yes,24900,13200,11700,,24900,13200,11700,,13037,4974,8063,,13037,
12/27/20,North Dakota,ND,Yes,24900,13200,11700,,24900,13200,11700,,13048,4984,8064,,13048,
12/16/20,Northern Mariana Islands,MP,No,,,,,,,,,,,,,,
12/14/20,Ohio,OH,Yes,561900,290900,271000,,,,,,50,,50,,50,
12/15/20,Ohio,OH,Yes,,,,,98475,,98475,,787,,787,,787,
12/16/20,Ohio,OH,Yes,,,,,,,,,2501,,2501,,2501,
12/17/20,Ohio,OH,Yes,,,,,,,,,4235,,4235,,4235,
12/18/20,Ohio,OH,Yes,,,,,,,,,7905,,7905,,7905,
12/19/20,Ohio,OH,Yes,,,,,,,,,8087,,8087,,8087,
12/20/20,Ohio,OH,Yes,,,,,,,,,8123,,8123,,8123,
12/21/20,Ohio,OH,Yes,,,,,,,,,14256,,,14256,14256,
12/22/20,Ohio,OH,Yes,,,,,,,,,22717,,,22717,22717,
12/23/20,Ohio,OH,Yes,,,,,,,,,42228,,,42228,42228,
12/24/20,Ohio,OH,Yes,,,,,,,,,50768,,,50768,50768,
12/25/20,Ohio,OH,Yes,,,,,,,,,53769,,,53769,53769,
12/26/20,Ohio,OH,Yes,,,,,,,,,61458,,,61458,61458,
12/27/20,Ohio,OH,Yes,,,,,,,,,66025,,,66025,66025,
12/28/20,Ohio,OH,Yes,,,,,,,,,86072,,,86072,86072,
12/29/20,Ohio,OH,Yes,,,,,,,,,107140,,,107140,107140,
12/30/20,Ohio,OH,Yes,,,,,,,,,140329,,,140329,140329,
12/31/20,Ohio,OH,Yes,,,,,,,,,158372,,,158372,158372,
01/01/21,Ohio,OH,Yes,,,,,,,,,158535,,,158535,158535,
01/02/21,Ohio,OH,Yes,,,,,,,,,159706,,,159706,159706,
12/14/20,Oklahoma,OK,No,33000,,33000,,17550,,17550,,,,,,,
12/18/20,Oklahoma,OK,Yes,,,,,33150,,33150,,2253,,2253,,2253,
12/25/20,Oklahoma,OK,Yes,,,,,,,,,,,,,,
12/26/20,Oklahoma,OK,Yes,,,,,122750,,122750,,29725,,29725,,29725,
12/27/20,Oklahoma,OK,Yes,,,,,,,,,,,,,,
12/28/20,Oklahoma,OK,Yes,,,,,,,,,,,,,,
12/29/20,Oklahoma,OK,Yes,,,,,,,,,,,,,,
12/30/20,Oklahoma,OK,Yes,,,,,,,,,,,,,,
12/31/20,Oklahoma,OK,Yes,,,,,,,,,,,,,,
01/01/21,Oklahoma,OK,Yes,,,,,,,,,,,,,,
01/02/21,Oklahoma,OK,Yes,,,,,174900,,174900,,50330,,50330,,50330,
12/16/20,Oregon,OR,No,228400,103600,124800,,,,,,254,,,254,254,
12/17/20,Oregon,OR,Yes,,,,,,,,,688,,,688,688,
12/18/20,Oregon,OR,Yes,,,,,,,,,2423,,,2423,2423,
12/19/20,Oregon,OR,Yes,,,,,,,,,3502,,,3502,3502,
12/20/20,Oregon,OR,Yes,,,,,,,,,4630,,,4630,4630,
12/21/20,Oregon,OR,Yes,,,,,,,,,8584,,,8584,8584,
12/22/20,Oregon,OR,Yes,,,,,,,,,12486,,,12486,12486,
12/23/20,Oregon,OR,Yes,,,,,,,,,16945,,,16945,16945,
12/24/20,Oregon,OR,Yes,,,,,,,,,18409,,,18409,18409,
12/25/20,Oregon,OR,Yes,,,,,,,,,18420,,,18420,18420,
12/26/20,Oregon,OR,Yes,,,,,,,,,20271,,,20271,20271,
12/27/20,Oregon,OR,Yes,,,,,,,,,21616,,,21616,21616,
12/28/20,Oregon,OR,Yes,,,,,,,,,27876,,,27876,27876,
12/29/20,Oregon,OR,Yes,,,,,,,,,34714,,,34714,34714,
12/30/20,Oregon,OR,Yes,,,,,,,,,41985,,,41985,41983,
12/31/20,Oregon,OR,Yes,,,,,,,,,46499,,,46499,46497,
01/01/21,Oregon,OR,Yes,,,,,,,,,47008,,,47008,47006,
01/02/21,Oregon,OR,Yes,,,,,,,,,48725,,,48725,48723,
12/14/20,Pennsylvania,PA,No,,,,,1950,,1950,,,,,,,
12/15/20,Pennsylvania,PA,No,,,,,10725,,10725,,,,,,,
12/16/20,Pennsylvania,PA,No,,,,,17550,,17550,,,,,,,
12/21/20,Pennsylvania,PA,No,,,,,127755,,127755,,26563,,26563,,26563,
12/22/20,Pennsylvania,PA,No,,,,,,,,,,,,,,
12/23/20,Pennsylvania,PA,No,,,,,,,,,41444,,,41444,41444,
12/24/20,Pennsylvania,PA,No,,,,,,,,,57602,,,57602,57602,
12/25/20,Pennsylvania,PA,No,,,,,,,,,67809,,,67809,67809,
12/26/20,Pennsylvania,PA,No,,,,,,,,,71305,,,71305,71305,
12/27/20,Pennsylvania,PA,No,,,,,,,,,74388,,,74388,74388,
12/28/20,Pennsylvania,PA,No,,,,,,,,,82790,,,82790,86851,
12/29/20,Pennsylvania,PA,Yes,,,,,,,,,96045,,,96045,96045,
12/29/20,Pennsylvania,PA,Yes,,,,,,,,,102934,,,102934,102934,
12/30/20,Pennsylvania,PA,Yes,,,,,,,,,120821,,,120821,120821,
12/31/20,Pennsylvania,PA,Yes,,,,,,,,,128769,,,128769,128769,
01/01/21,Pennsylvania,PA,Yes,,,,,,,,,129090,,,129090,129090,
01/02/21,Pennsylvania,PA,Yes,,,,,,,,,132612,,,132612,132612,
12/14/20,Puerto Rico,PR,No,,,,,16575,,16575,,,,,,,
12/14/20,Rhode Island,RI,No,29000,19000,10000,,5000,,5000,,,,,,,
12/18/20,Rhode Island,RI,Yes,,,,,,,,,1226,,1226,,1226,
12/21/20,Rhode Island,RI,Yes,,,,,,,,,4827,,,4827,4827,
12/22/20,Rhode Island,RI,Yes,,,,,,,,,6400,,,6400,6400,
12/23/20,Rhode Island,RI,Yes,,,,,,,,,7072,,,7072,7072,
12/24/20,Rhode Island,RI,Yes,,,,,,,,,,,,,,
12/25/20,Rhode Island,RI,Yes,,,,,,,,,,,,,,
12/26/20,Rhode Island,RI,Yes,,,,,,,,,,,,,,
12/27/20,Rhode Island,RI,Yes,,,,,,,,,,,,,,
12/28/20,Rhode Island,RI,Yes,,,,,,,,,11935,,,11935,11935,
12/29/20,Rhode Island,RI,Yes,,,,,,,,,12869,,,12869,12869,
12/30/20,Rhode Island,RI,Yes,,,,,,,,,17020,,,17020,17020,
12/14/20,South Carolina,SC,No,300000,,,300000,42900,,42900,,,,,,,
12/29/2020,South Carolina,SC,No,,,,,,,,,,,,,,
12/30/2020,South Carolina,SC,No,,,,,,,,,35158,,,35158,35158,
12/31/2020,South Carolina,SC,No,,,,,,,,,39100,,,39100,39100,
12/15/20,South Dakota,SD,No,22400,14600,7800,,,,,,,,,,,
12/17/20,South Dakota,SD,Yes,,,,,,,,,1515,,1515,,1515,
12/19/20,South Dakota,SD,Yes,,,,,,,,,6198,,6198,,6198,
12/20/20,South Dakota,SD,Yes,,,,,,,,,6311,,6311,,6311,
12/21/20,South Dakota,SD,Yes,,,,,,,,,7516,,7516,,7516,
12/22/20,South Dakota,SD,Yes,,,,,,,,,7844,,7844,,7844,
12/23/20,South Dakota,SD,Yes,,,,,,,,,8398,30,8368,,8398,
12/24/20,South Dakota,SD,Yes,,,,,,,,,9770,587,9183,,9770,
12/25/20,South Dakota,SD,Yes,,,,,,,,,12910,3035,9875,,12910,
12/26/20,South Dakota,SD,Yes,,,,,,,,,13710,3835,9875,,13710,
12/27/20,South Dakota,SD,Yes,,,,,,,,,14799,4924,9875,,14799,
12/28/20,South Dakota,SD,Yes,,,,,,,,,15830,5955,9875,,15830,
12/29/20,South Dakota,SD,Yes,,,,,,,,,18960,9085,9875,,18960,
12/30/20,South Dakota,SD,Yes,,,,,,,,,21144,11007,10137,,21144,
12/31/20,South Dakota,SD,Yes,,,,,,,,,,,,,,
01/01/21,South Dakota,SD,Yes,,,,,,,,,,,,,,
01/02/21,South Dakota,SD,Yes,,,,,,,,,25325,13612,11713,,25325,
01/03/21,South Dakota,SD,Yes,,,,,,,,,26870,14150,12720,,26870,
12/11/20,Tennessee,TN,No,156550,100000,56550,,,,,,,,,,,
12/16/20,Tennessee,TN,Yes,,,,,,,,,223,,223,,223,
12/17/20,Tennessee,TN,Yes,,,,,,,,,1663,,1663,,1663,
12/18/20,Tennessee,TN,Yes,,,,,,,,,9517,,9517,,9517,
12/19/20,Tennessee,TN,Yes,,,,,,,,,15766,,15766,,15766,
12/20/20,Tennessee,TN,Yes,,,,,,,,,19889,,19889,,19889,
12/21/20,Tennessee,TN,Yes,,,,,,,,,26271,,26271,,26271,
12/22/20,Tennessee,TN,Yes,,,,,,,,,33398,,33398,,33398,
12/23/20,Tennessee,TN,Yes,,,,,,,,,48692,,48692,,48692,
12/24/20,Tennessee,TN,Yes,,,,,,,,,58758,,58758,,58758,
12/25/20,Tennessee,TN,Yes,,,,,,,,,63445,,,63445,63445,
12/26/20,Tennessee,TN,Yes,,,,,,,,,64161,,,64161,64161,
12/27/20,Tennessee,TN,Yes,,,,,,,,,68702,,,68702,68702,
12/28/20,Tennessee,TN,Yes,,,,,,,,,70171,,,70171,70171,
12/29/20,Tennessee,TN,Yes,,,,,,,,,79282,,,79282,79282,
12/30/20,Tennessee,TN,Yes,,,,,,,,,,,,,,
12/31/20,Tennessee,TN,Yes,,,,,,,,,,,,,,
01/01/21,Tennessee,TN,Yes,,,,,,,,,126887,,,126887,126887,
12/14/20,Texas,TX,No,1400000,,,1400000,19500,,19500,,,,,,,
12/17/20,Texas,TX,Yes,,,,,91650,,91650,,4187,,4187,,4187,
12/18/20,Texas,TX,Yes,,,,,91650,,91650,,4187,,4187,,4187,
12/19/20,Texas,TX,Yes,,,,,224250,,224250,,26007,,26007,,26007,
12/20/20,Texas,TX,Yes,,,,,224250,,224250,,42248,,42248,,42248,
12/21/20,Texas,TX,Yes,,,,,235050,,,235050,60631,,,60631,60631,
12/22/20,Texas,TX,Yes,,,,,262800,,,262800,83967,,,83967,83967,
12/23/20,Texas,TX,Yes,,,,,455325,,,455325,113514,,,113514,113514,
12/24/20,Texas,TX,Yes,,,,,469900,,,469900,126411,,,126411,126411,
12/25/20,Texas,TX,Yes,,,,,470000,,,470000,131748,,,131748,131748,
12/26/20,Texas,TX,Yes,,,,,470100,,,470100,139747,,,139747,139747,
12/27/20,Texas,TX,Yes,,,,,472100,,,472100,146988,,,146988,146988,
12/28/20,Texas,TX,Yes,,,,,611850,,,611850,163700,,,163700,163700,
12/29/20,Texas,TX,Yes,,,,,678925,,,678925,205463,,,205463,205463,
12/30/20,Texas,TX,Yes,,,,,773000,,,773000,282515,,,282515,282515,
12/31/20,Texas,TX,Yes,,,,,786250,,,786250,340415,,,340415,340415,
01/01/21,Texas,TX,Yes,,,,,,,,,365455,,,365455,365455,
01/02/21,Texas,TX,Yes,,,,,789925,,,789925,377050,,,377050,377050,
12/11/20,Utah,UT,No,154400,,23400,131000,,,,,,,,,,
12/17/20,Utah,UT,Yes,,,,,14625,,14625,,407,,407,,407,
12/19/20,Utah,UT,Yes,,,,,23400,,23400,,3648,,3648,,3648,
12/20/20,Utah,UT,Yes,,,,,25000,,,25000,6520,,,6520,6520,
12/21/20,Utah,UT,Yes,,,,,25000,,,25000,8518,,,8518,8518,
12/22/20,Utah,UT,Yes,,,,,75200,,,75200,11380,,,11380,11380,
12/23/20,Utah,UT,Yes,,,,,76400,,,76400,14822,,,14822,14822,
12/24/20,Utah,UT,Yes,,,,,76400,,,76400,,,,,,
12/25/20,Utah,UT,Yes,,,,,76400,,,76400,,,,,,
12/26/20,Utah,UT,Yes,,,,,76400,,,76400,16924,,,16924,16924,
12/27/20,Utah,UT,Yes,,,,,76400,,,76400,16992,,,16992,16992,
12/28/20,Utah,UT,Yes,,,,,98100,,,98100,17543,,,17543,17543,
12/29/20,Utah,UT,Yes,,,,,102025,,,102025,20417,,,20417,20417,
12/30/20,Utah,UT,Yes,,,,,125425,,,125425,23970,,,23970,23970,
12/31/20,Utah,UT,Yes,,,,,127375,,,127375,30200,,,30200,30200,
01/01/21,Utah,UT,Yes,,,,,127375,,,127375,,,,,,
01/02/21,Utah,UT,Yes,,,,,127375,,,127375,46374,,,46374,46374,
01/03/21,Utah,UT,Yes,,,,,127375,,,127375,47382,,,47382,47382,
12/14/20,Vermont,VT,No,5850,,5850,,1950,,1950,,,,,,,
12/14/20,Virgin Islands,VI,No,975,,975,,975,,975,,,,,,,
12/23/20,Virgin Islands,VI,No,,,,,,,,,260,,260,,260,
12/25/20,Virgin Islands,VI,No,,,,,,,,,,,,,,
12/26/20,Virgin Islands,VI,No,,,,,,,,,260,,260,,260,
12/14/20,Virginia,VA,No,480000,,,480000,72150,,72150,,,,,,,
12/22/20,Virginia,VA,Yes,,,,,121125,,,121125,19506,,,19506,19506,
12/23/20,Virginia,VA,Yes,,,,,227425,,,227425,19943,,,19943,19943,
12/24/20,Virginia,VA,Yes,,,,,227425,,,227425,31491,,,31491,31491,
12/25/20,Virginia,VA,Yes,,,,,227425,,,227425,37712,,,37712,37712,
12/26/20,Virginia,VA,Yes,,,,,227425,,,227425,38172,,,38172,38172,
12/27/20,Virginia,VA,Yes,,,,,227425,,,227425,41660,,,41660,41660,
12/28/20,Virginia,VA,Yes,,,,,227425,,,227425,44976,,,44976,44976,
12/29/20,Virginia,VA,Yes,,,,,285725,,,285725,47052,,,47052,47052,
12/30/20,Virginia,VA,Yes,,,,,285725,,,285725,54295,,,54295,54295,
12/31/20,Virginia,VA,Yes,,,,,388100,,,388100,64882,,,64882,64882,
01/01/21,Virginia,VA,Yes,,,,,388100,,,388100,75288,,,75288,75288,
01/02/21,Virginia,VA,Yes,,,,,388100,,,388100,81770,,,81770,81770,
01/03/21,Virginia,VA,Yes,,,,,404675,,,404675,87618,,,87618,87618,
12/15/20,Vermont,VT,Yes,,,,,,,,,20,,,20,20,
12/16/20,Vermont,VT,Yes,,,,,,,,,399,,,399,399,
12/17/20,Vermont,VT,Yes,,,,,,,,,1160,,,1160,1160,
12/18/20,Vermont,VT,Yes,,,,,,,,,2453,,,2453,2453,
12/19/20,Vermont,VT,Yes,,,,,,,,,2835,,,2835,2835,
12/20/20,Vermont,VT,Yes,,,,,,,,,3070,,,3070,3070,
12/21/20,Vermont,VT,Yes,,,,,,,,,3716,,,3716,3716,
12/22/20,Vermont,VT,Yes,,,,,,,,,4374,,,4374,4374,
12/23/20,Vermont,VT,Yes,,,,,,,,,5307,,,5307,5307,
12/24/20,Vermont,VT,Yes,,,,,,,,,7444,,,7444,7444,
12/25/20,Vermont,VT,Yes,,,,,,,,,8057,,,8057,8057,
12/26/20,Vermont,VT,Yes,,,,,,,,,8229,,,8229,8229,
12/27/20,Vermont,VT,Yes,,,,,,,,,9139,,,9139,9139,
12/28/20,Vermont,VT,Yes,,,,,,,,,9930,,,9930,9930,
12/29/20,Vermont,VT,Yes,,,,,,,,,11157,,,11157,11157,
12/16/20,Washington,WA,No,405800,183800,222000,,62400,,62400,,1159,,1159,,1159,
12/21/20,Washington,WA,No,,,,,,,,,,,,,,
12/22/20,Washington,WA,No,,,,,,,,,,,,,,
12/23/20,Washington,WA,No,,,,,,,,,,,,,,
12/24/20,Washington,WA,No,,,,,172750,127900,44850,,30000,,30000,,30000,
12/11/20,West Virginia,WV,No,92600,32600,60000,,10000,,10000,,,,,,,
12/17/20,West Virginia,WV,No,,,,,,,,,1830,,1830,,1830,
12/18/20,West Virginia,WV,No,,,,,15885,,15885,,5450,,5450,,5450,
12/19/20,West Virginia,WV,No,,,,,,,,,,,,,,
12/20/20,West Virginia,WV,No,,,,,,,,,,,,,,
12/21/20,West Virginia,WV,No,,,,,,,,,,,,,,
12/22/20,West Virginia,WV,Yes,,,,,21075,,,21075,15914,,,15914,15914,
12/23/20,West Virginia,WV,Yes,,,,,60875,,,60875,18488,,,18488,18488,
12/23/20,West Virginia,WV,Yes,,,,,60875,,,60875,26487,,,26487,26487,
12/24/20,West Virginia,WV,Yes,,,,,60875,,,60875,28623,,,28623,28623,
12/25/20,West Virginia,WV,Yes,,,,,60875,,,60875,28626,,,28626,28626,
12/26/20,West Virginia,WV,Yes,,,,,60875,,,60875,29675,,,29675,29675,
12/27/20,West Virginia,WV,Yes,,,,,60875,,,60875,30737,,,30737,30737,
12/28/20,West Virginia,WV,Yes,,,,,72125,,,72125,34474,,,34474,34474,
12/29/20,West Virginia,WV,Yes,,,,,86800,,,86800,37862,,,37862,37862,
12/29/20,West Virginia,WV,Yes,,,,,86800,,,86800,44885,,,44885,44885,
12/30/20,West Virginia,WV,Yes,,,,,,,,,,,,,,
12/31/20,West Virginia,WV,Yes,,,,,103375,,,103375,49037,,,49037,49037,
01/01/21,West Virginia,WV,Yes,,,,,103375,,,103375,49807,,,49807,49807,
01/02/21,West Virginia,WV,Yes,,,,,103375,,,103375,51646,,,51646,51646,
12/14/20,Wisconsin,WI,No,150725,101000,49725,,,,,,,,,,,
12/20/20,Wisconsin,WI,No,184825,100000,84825,,,,,,12097,1,12096,,12097,
12/21/20,Wisconsin,WI,No,,,,,,,,,17082,1,17080,1,17082,
12/22/20,Wisconsin,WI,No,,,,,,,,,23015,114,22900,1,23015,
12/23/20,Wisconsin,WI,No,,,,,,,,,32328,1856,30471,1,32328,
12/24/20,Wisconsin,WI,No,,,,,,,,,36005,3191,32813,1,36005,
12/25/20,Wisconsin,WI,No,,,,,,,,,36290,3257,33032,1,36290,
12/26/20,Wisconsin,WI,No,,,,,,,,,39036,3895,35140,1,39036,
12/27/20,Wisconsin,WI,No,,,,,,,,,40730,4215,36514,1,40730,
12/28/20,Wisconsin,WI,Yes,265575,,,,156875,,,,47157,6306,40850,,47157,
12/14/20,Wyoming,WY,No,27075,14400,12675,,4875,,4875,,,,,,,
12/22/20,Wyoming,WY,Yes,,,,,4975,100,4875,,1868,,,1868,1868,
12/23/20,Wyoming,WY,Yes,,,,,4975,100,4875,,2865,,,2865,2865,
12/24/20,Wyoming,WY,Yes,,,,,,,,,,,,,,
12/25/20,Wyoming,WY,Yes,,,,,,,,,,,,,,
12/26/20,Wyoming,WY,Yes,,,,,,,,,,,,,,
12/27/20,Wyoming,WY,Yes,,,,,,,,,,,,,,
12/28/20,Wyoming,WY,Yes,,,,,21300,13400,7800,,3033,,,3033,3033,
12/29/20,Wyoming,WY,Yes,,,,,21300,13400,7800,,4832,,,4832,4832,
12/30/20,Wyoming,WY,Yes,,,,,21300,13400,7800,,5466,,,5466,5466,
12/31/20,Wyoming,WY,Yes,,,,,21300,13400,7800,,7472,,,7472,7472,
01/01/21,Wyoming,WY,Yes,,,,,21300,13400,7800,,,,,,,
01/02/21,Wyoming,WY,Yes,,,,,21300,13400,7800,,7829,,,7829,7829,
